{"crs": {"type": "name", "properties": {"name": "urn:ogc:def:crs:EPSG::25832"}}, "type": "FeatureCollection", "name": "hdm_streets_for_noise_validation_2", "features": [{"geometry": {"type": "LineString", "coordinates": [[567564.0, 5931765.0], [567513.0, 5931804.0]]}, "type": "Feature", "properties": {"truck_traffic_daily": 720, "eisenbahn": 0, "anlieger": 0, "hauptverk": 0, "str_stairs": "false", "car_traffic_daily": 8107, "max_speed": 30, "hauptsaml": 1, "id": 1000, "name": "hauptsammelstrasse"}}, {"geometry": {"type": "LineString", "coordinates": [[567513.0, 5931804.0], [567561.0, 5931912.0], [567492.0, 5931948.0]]}, "type": "Feature", "properties": {"truck_traffic_daily": 307, "eisenbahn": 0, "anlieger": 0, "hauptverk": 0, "str_stairs": "false", "car_traffic_daily": 4935, "max_speed": 30, "hauptsaml": 1, "id": 1001, "name": "hauptsammelstrasse"}}, {"geometry": {"type": "LineString", "coordinates": [[567492.0, 5931948.0], [567420.0, 5931987.0], [567348.0, 5932023.0]]}, "type": "Feature", "properties": {"truck_traffic_daily": 202, "eisenbahn": 0, "anlieger": 0, "hauptverk": 0, "str_stairs": "false", "car_traffic_daily": 3300, "max_speed": 30, "hauptsaml": 1, "id": 1002, "name": "hauptsammelstrasse"}}, {"geometry": {"type": "LineString", "coordinates": [[567348.0, 5932023.0], [567303.0, 5932047.0], [567255.0, 5932065.0], [567183.0, 5932092.0], [567174.0, 5932095.0], [567138.0, 5932110.0], [567126.0, 5932113.0], [567072.0, 5932131.0], [567063.0, 5932131.0], [567045.0, 5932137.0], [567030.0, 5932143.0], [566979.0, 5932155.0]]}, "type": "Feature", "properties": {"truck_traffic_daily": 30, "eisenbahn": 0, "anlieger": 0, "hauptverk": 0, "str_stairs": "false", "car_traffic_daily": 453, "max_speed": 30, "hauptsaml": 1, "id": 1004, "name": "hauptsammelstrasse"}}, {"geometry": {"type": "LineString", "coordinates": [[566979.0, 5932155.0], [566916.0, 5932170.0], [566904.0, 5932173.0], [566895.0, 5932176.0], [566796.0, 5932200.0], [566754.0, 5932146.0], [566691.0, 5932053.0], [566661.0, 5932002.0]]}, "type": "Feature", "properties": {"truck_traffic_daily": 63, "eisenbahn": 0, "anlieger": 0, "hauptverk": 0, "str_stairs": "false", "car_traffic_daily": 787, "max_speed": 30, "hauptsaml": 1, "id": 1005, "name": "hauptsammelstrasse"}}, {"geometry": {"type": "LineString", "coordinates": [[566661.0, 5932002.0], [566880.0, 5931846.0]]}, "type": "Feature", "properties": {"truck_traffic_daily": 33, "eisenbahn": 0, "anlieger": 0, "hauptverk": 0, "str_stairs": "false", "car_traffic_daily": 333, "max_speed": 30, "hauptsaml": 1, "id": 1006, "name": "hauptsammelstrasse"}}, {"geometry": {"type": "LineString", "coordinates": [[566880.0, 5931846.0], [567042.0, 5931738.0], [567000.0, 5931660.0], [567159.0, 5931552.0]]}, "type": "Feature", "properties": {"truck_traffic_daily": 157, "eisenbahn": 0, "anlieger": 0, "hauptverk": 0, "str_stairs": "false", "car_traffic_daily": 1023, "max_speed": 30, "hauptsaml": 1, "id": 1007, "name": "hauptsammelstrasse"}}, {"geometry": {"type": "LineString", "coordinates": [[567159.0, 5931552.0], [567021.0, 5931291.0], [567000.0, 5931282.0], [566991.0, 5931279.0], [566973.0, 5931270.0], [566961.0, 5931228.0]]}, "type": "Feature", "properties": {"truck_traffic_daily": 1170, "eisenbahn": 0, "anlieger": 0, "hauptverk": 0, "str_stairs": "false", "car_traffic_daily": 2486, "max_speed": 30, "hauptsaml": 1, "id": 1008, "name": "hauptsammelstrasse"}}, {"geometry": {"type": "LineString", "coordinates": [[566961.0, 5931228.0], [566955.0, 5931207.0], [566943.0, 5931168.0], [566931.0, 5931123.0], [566916.0, 5931072.0], [566838.0, 5930970.0]]}, "type": "Feature", "properties": {"truck_traffic_daily": 573, "eisenbahn": 0, "anlieger": 0, "hauptverk": 0, "str_stairs": "false", "car_traffic_daily": 1248, "max_speed": 30, "hauptsaml": 1, "id": 1009, "name": "hauptsammelstrasse"}}, {"geometry": {"type": "LineString", "coordinates": [[567399.0, 5931426.0], [567186.0, 5931540.0], [567159.0, 5931552.0]]}, "type": "Feature", "properties": {"truck_traffic_daily": 1290, "eisenbahn": 0, "anlieger": 0, "hauptverk": 0, "str_stairs": "false", "car_traffic_daily": 3495, "max_speed": 30, "hauptsaml": 1, "id": 1011, "name": "hauptsammelstrasse"}}, {"geometry": {"type": "LineString", "coordinates": [[567827.8511649532, 5932218.639718377], [567480.2194825136, 5931578.500350806]]}, "type": "Feature", "properties": {"truck_traffic_daily": 960, "eisenbahn": 0, "anlieger": 0, "hauptverk": 1, "car_traffic_daily": 11770, "max_speed": 60, "hauptsaml": 0, "id": 1, "name": "hauptverkehrsstrasse"}}, {"geometry": {"type": "LineString", "coordinates": [[566835.6538394026, 5930970.166248615], [565585.0785643001, 5931274.765620923]]}, "type": "Feature", "properties": {"truck_traffic_daily": 790, "eisenbahn": 0, "anlieger": 0, "hauptverk": 1, "car_traffic_daily": 2615, "max_speed": 60, "hauptsaml": 0, "id": 2, "name": "hauptverkehrsstrasse"}}, {"geometry": {"type": "LineString", "coordinates": [[567105.2522836954, 5930960.355980001], [567062.0257876234, 5930940.490186064], [567007.3335401115, 5930932.641971174], [566947.0003881481, 5930942.206983071], [566840.068460278, 5930967.713681461], [566836.30785731, 5930970.166248615]]}, "type": "Feature", "properties": {"truck_traffic_daily": 790, "eisenbahn": 0, "anlieger": 0, "hauptverk": 1, "car_traffic_daily": 2615, "max_speed": 60, "hauptsaml": 0, "id": 3, "name": "hauptverkehrsstrasse"}}, {"geometry": {"type": "LineString", "coordinates": [[567480.2194825136, 5931578.500350806], [567290.6867985174, 5931204.795172915], [567260.2749658205, 5931149.77591645], [567243.2705002265, 5931120.672119568], [567234.7682674296, 5931093.857385362], [567181.7928169256, 5931016.601520043], [567147.1298678302, 5930986.516696299], [567107.2143374177, 5930961.337006863], [567105.3135978736, 5930960.417294182]]}, "type": "Feature", "properties": {"truck_traffic_daily": 2040, "eisenbahn": 0, "anlieger": 0, "hauptverk": 1, "car_traffic_daily": 9125, "max_speed": 60, "hauptsaml": 0, "id": 4, "name": "hauptverkehrsstrasse"}}]}