{
  "type": "FeatureCollection",
  "name": "hdm_streets_for_noise_validation_2",
  "crs": {
    "type": "name",
    "properties": {
      "name": "urn:ogc:def:crs:EPSG::25832"
    }
  },
  "features": [
    {
      "type": "Feature",
      "properties": {
        "truck_traffic_daily": 960,
        "eisenbahn": 0,
        "anlieger": 0,
        "hauptverk": 0,
        "car_traffic_daily": 10810,
        "max_speed": 50,
        "hauptsaml": 1,
        "id": 1000,
        "name": "hauptsammelstrasse",
        "str_stairs": "false"
      },
      "geometry": {
        "type": "LineString",
        "coordinates": [
          [
            567564.0,
            5931765.0
          ],
          [
            567513.0,
            5931804.0
          ]
        ]
      }
    },
    {
      "type": "Feature",
      "properties": {
        "truck_traffic_daily": 410,
        "eisenbahn": 0,
        "anlieger": 0,
        "hauptverk": 0,
        "car_traffic_daily": 6580,
        "max_speed": 50,
        "hauptsaml": 1,
        "id": 1001,
        "name": "hauptsammelstrasse",
        "str_stairs": "false"
      },
      "geometry": {
        "type": "LineString",
        "coordinates": [
          [
            567513.0,
            5931804.0
          ],
          [
            567561.0,
            5931912.0
          ],
          [
            567492.0,
            5931948.0
          ]
        ]
      }
    },
    {
      "type": "Feature",
      "properties": {
        "truck_traffic_daily": 270,
        "eisenbahn": 0,
        "anlieger": 0,
        "hauptverk": 0,
        "car_traffic_daily": 4400,
        "max_speed": 50,
        "hauptsaml": 1,
        "id": 1002,
        "name": "hauptsammelstrasse",
        "str_stairs": "false"
      },
      "geometry": {
        "type": "LineString",
        "coordinates": [
          [
            567492.0,
            5931948.0
          ],
          [
            567420.0,
            5931987.0
          ],
          [
            567348.0,
            5932023.0
          ]
        ]
      }
    },
    {
      "type": "Feature",
      "properties": {
        "truck_traffic_daily": 40,
        "eisenbahn": 0,
        "anlieger": 0,
        "hauptverk": 0,
        "car_traffic_daily": 605,
        "max_speed": 50,
        "hauptsaml": 1,
        "id": 1004,
        "name": "hauptsammelstrasse",
        "str_stairs": "false"
      },
      "geometry": {
        "type": "LineString",
        "coordinates": [
          [
            567348.0,
            5932023.0
          ],
          [
            567303.0,
            5932047.0
          ],
          [
            567255.0,
            5932065.0
          ],
          [
            567183.0,
            5932092.0
          ],
          [
            567174.0,
            5932095.0
          ],
          [
            567138.0,
            5932110.0
          ],
          [
            567126.0,
            5932113.0
          ],
          [
            567072.0,
            5932131.0
          ],
          [
            567063.0,
            5932131.0
          ],
          [
            567045.0,
            5932137.0
          ],
          [
            567030.0,
            5932143.0
          ],
          [
            566979.0,
            5932155.0
          ]
        ]
      }
    },
    {
      "type": "Feature",
      "properties": {
        "truck_traffic_daily": 85,
        "eisenbahn": 0,
        "anlieger": 0,
        "hauptverk": 0,
        "car_traffic_daily": 1050,
        "max_speed": 50,
        "hauptsaml": 1,
        "id": 1005,
        "name": "hauptsammelstrasse",
        "str_stairs": "false"
      },
      "geometry": {
        "type": "LineString",
        "coordinates": [
          [
            566979.0,
            5932155.0
          ],
          [
            566916.0,
            5932170.0
          ],
          [
            566904.0,
            5932173.0
          ],
          [
            566895.0,
            5932176.0
          ],
          [
            566796.0,
            5932200.0
          ],
          [
            566754.0,
            5932146.0
          ],
          [
            566691.0,
            5932053.0
          ],
          [
            566661.0,
            5932002.0
          ]
        ]
      }
    },
    {
      "type": "Feature",
      "properties": {
        "truck_traffic_daily": 45,
        "eisenbahn": 0,
        "anlieger": 0,
        "hauptverk": 0,
        "car_traffic_daily": 445,
        "max_speed": 50,
        "hauptsaml": 1,
        "id": 1006,
        "name": "hauptsammelstrasse",
        "str_stairs": "false"
      },
      "geometry": {
        "type": "LineString",
        "coordinates": [
          [
            566661.0,
            5932002.0
          ],
          [
            566880.0,
            5931846.0
          ]
        ]
      }
    },
    {
      "type": "Feature",
      "properties": {
        "truck_traffic_daily": 210,
        "eisenbahn": 0,
        "anlieger": 0,
        "hauptverk": 0,
        "car_traffic_daily": 1365,
        "max_speed": 50,
        "hauptsaml": 1,
        "id": 1007,
        "name": "hauptsammelstrasse",
        "str_stairs": "false"
      },
      "geometry": {
        "type": "LineString",
        "coordinates": [
          [
            566880.0,
            5931846.0
          ],
          [
            567042.0,
            5931738.0
          ],
          [
            567000.0,
            5931660.0
          ],
          [
            567159.0,
            5931552.0
          ]
        ]
      }
    },
    {
      "type": "Feature",
      "properties": {
        "truck_traffic_daily": 1560,
        "eisenbahn": 0,
        "anlieger": 0,
        "hauptverk": 0,
        "car_traffic_daily": 3315,
        "max_speed": 50,
        "hauptsaml": 1,
        "id": 1008,
        "name": "hauptsammelstrasse",
        "str_stairs": "false"
      },
      "geometry": {
        "type": "LineString",
        "coordinates": [
          [
            567159.0,
            5931552.0
          ],
          [
            567021.0,
            5931291.0
          ],
          [
            567000.0,
            5931282.0
          ],
          [
            566991.0,
            5931279.0
          ],
          [
            566973.0,
            5931270.0
          ],
          [
            566961.0,
            5931228.0
          ]
        ]
      }
    },
    {
      "type": "Feature",
      "properties": {
        "truck_traffic_daily": 765,
        "eisenbahn": 0,
        "anlieger": 0,
        "hauptverk": 0,
        "car_traffic_daily": 1665,
        "max_speed": 50,
        "hauptsaml": 1,
        "id": 1009,
        "name": "hauptsammelstrasse",
        "str_stairs": "false"
      },
      "geometry": {
        "type": "LineString",
        "coordinates": [
          [
            566961.0,
            5931228.0
          ],
          [
            566955.0,
            5931207.0
          ],
          [
            566943.0,
            5931168.0
          ],
          [
            566931.0,
            5931123.0
          ],
          [
            566916.0,
            5931072.0
          ],
          [
            566838.0,
            5930970.0
          ]
        ]
      }
    },
    {
      "type": "Feature",
      "properties": {
        "truck_traffic_daily": 1720,
        "eisenbahn": 0,
        "anlieger": 0,
        "hauptverk": 0,
        "car_traffic_daily": 4660,
        "max_speed": 50,
        "hauptsaml": 1,
        "id": 1011,
        "name": "hauptsammelstrasse",
        "str_stairs": "false"
      },
      "geometry": {
        "type": "LineString",
        "coordinates": [
          [
            567399.0,
            5931426.0
          ],
          [
            567186.0,
            5931540.0
          ],
          [
            567159.0,
            5931552.0
          ]
        ]
      }
    },
    {
      "type": "Feature",
      "properties": {
        "truck_traffic_daily": 960,
        "eisenbahn": 0,
        "anlieger": 0,
        "hauptverk": 1,
        "car_traffic_daily": 11770,
        "max_speed": 60,
        "hauptsaml": 0,
        "id": 1,
        "name": "hauptverkehrsstrasse"
      },
      "geometry": {
        "type": "LineString",
        "coordinates": [
          [
            567827.851164953201078,
            5932218.639718377031386
          ],
          [
            567480.219482513610274,
            5931578.500350805930793
          ]
        ]
      }
    },
    {
      "type": "Feature",
      "properties": {
        "truck_traffic_daily": 790,
        "eisenbahn": 0,
        "anlieger": 0,
        "hauptverk": 1,
        "car_traffic_daily": 2615,
        "max_speed": 60,
        "hauptsaml": 0,
        "id": 2,
        "name": "hauptverkehrsstrasse"
      },
      "geometry": {
        "type": "LineString",
        "coordinates": [
          [
            566835.65383940259926,
            5930970.166248614899814
          ],
          [
            565585.078564300085418,
            5931274.765620922669768
          ]
        ]
      }
    },
    {
      "type": "Feature",
      "properties": {
        "truck_traffic_daily": 790,
        "eisenbahn": 0,
        "anlieger": 0,
        "hauptverk": 1,
        "car_traffic_daily": 2615,
        "max_speed": 60,
        "hauptsaml": 0,
        "id": 3,
        "name": "hauptverkehrsstrasse"
      },
      "geometry": {
        "type": "LineString",
        "coordinates": [
          [
            567105.252283695386723,
            5930960.35598000138998
          ],
          [
            567062.025787623366341,
            5930940.490186063572764
          ],
          [
            567007.333540111547336,
            5930932.64197117369622
          ],
          [
            566947.00038814812433,
            5930942.20698307082057
          ],
          [
            566840.068460277980193,
            5930967.713681461289525
          ],
          [
            566836.307857310050167,
            5930970.166248614899814
          ]
        ]
      }
    },
    {
      "type": "Feature",
      "properties": {
        "truck_traffic_daily": 2040,
        "eisenbahn": 0,
        "anlieger": 0,
        "hauptverk": 1,
        "car_traffic_daily": 9125,
        "max_speed": 60,
        "hauptsaml": 0,
        "id": 4,
        "name": "hauptverkehrsstrasse"
      },
      "geometry": {
        "type": "LineString",
        "coordinates": [
          [
            567480.219482513610274,
            5931578.500350805930793
          ],
          [
            567290.686798517359421,
            5931204.795172914862633
          ],
          [
            567260.274965820484795,
            5931149.775916449725628
          ],
          [
            567243.270500226528384,
            5931120.672119568102062
          ],
          [
            567234.768267429550178,
            5931093.85738536156714
          ],
          [
            567181.792816925561056,
            5931016.601520042866468
          ],
          [
            567147.129867830197327,
            5930986.516696299426258
          ],
          [
            567107.214337417739443,
            5930961.337006863206625
          ],
          [
            567105.313597873551771,
            5930960.417294181883335
          ]
        ]
      }
    }
  ]
}
